"求人番号","事業所番号","受付年月日（西暦）","受付年月日（和暦）","求人有効年月日（西暦）","紹介期限日（和暦）","求人区分１（コード）","求人区分１","求人区分２（コード）","求人区分２","求人区分（求人票タイトル）","公開希望","障害者区分（コード）","障害者区分","就労継続支援Ａ型事業の利用者募集（コード）","就労継続支援Ａ型事業の利用者募集","トライアル雇用併用の希望（コード）","トライアル雇用併用の希望","オンライン自主応募の受付可否（コード）","オンライン自主応募の受付可否","事業所住所（コード）","事業所住所（名称）","就業場所住所１（コード）","就業場所住所２（コード）","就業場所住所３（コード）","就業場所住所４（コード）","就業場所住所１（名称）","就業場所住所２（名称）","就業場所住所３（名称）","就業場所住所４（名称）","職業分類１（コード）","職業分類２（コード）","職業分類３（コード）","職業分類１（大分類コード）","職業分類２（大分類コード）","職業分類３（大分類コード）","産業分類（コード）","産業分類（大分類コード）","産業分類（名称）","事業所名カナ","事業所名漢字","事業所郵便番号","事業所所在地","事業所ホームページ","職種","仕事内容","雇用形態（コード）","雇用形態","正社員以外の名称","正社員登用の有無（コード）","正社員登用の有無","正社員登用の実績（過去３年間）","職種・派遣／請負（コード）","職種・派遣／請負","労働者派遣事業の許可番号","雇用期間の定め（コード）","雇用期間の定め","雇用期間開始年月日（西暦）","雇用期間終了年月日（西暦）","雇用期間年数","雇用期間月数","雇用期間","雇用期間契約更新有無（コード）","契約更新の可能性あり（コード）","契約更新の可能性","契約更新の条件","事業所所在地と異なる場合（コード）","就業場所が事業所所在地に同じ","在宅勤務（コード）","在宅勤務","就業場所／郵便番号","就業場所／住所","就業場所／最寄り駅","就業場所／もより駅文字列","就業場所／事業所までの交通手段（コード）","就業場所／事業所までの交通手段","就業場所／事業所までの所要時間","就業場所／就業場所に関する特記事項","就業場所／受動喫煙対策の有無（コード）","就業場所／受動喫煙対策の有無","就業場所／受動喫煙対策の内容（コード）","就業場所／受動喫煙対策の内容","受動喫煙対策","受動喫煙対策に関する特記事項","マイカー通勤可否（コード）","マイカー通勤可否","駐車場の有無（コード）","駐車場の有無","転勤の可能性の有無（コード）","転勤の可能性の有無","転勤範囲","年齢制限（コード）","年齢制限","年齢制限あり／下限","年齢制限あり／上限","年齢","年齢制限該当事由（コード）","年齢制限該当事由","年齢制限の理由","学歴不問（コード）","学歴不問","学歴（コード）","学歴","学歴（履修科目）","必要な経験等不問（コード）","必要な経験等不問","必要な経験等","必要なＰＣスキル","必要な免許・資格不問（コード）","必要な免許・資格不問","免許・資格要否１（コード）","免許・資格要否２（コード）","免許・資格要否３（コード）","免許・資格要否１（名称）","免許・資格要否２（名称）","免許・資格要否３（名称）","必要な免許資格その他","いずれかの免許・資格を所持で可（コード）","いずれかの免許・資格を所持で可","普通自動車免許（コード）","普通自動車免許","普通自動車運転免許種別（コード）","普通自動車運転免許種別","試用期間の有無（コード）","試用期間の有無","試用期間の期間","試用期間中の労働条件変更有無（コード）","試用期間中の労働条件変更有無","試用期間中の労働条件","支給額（ａ＋ｂ）下限","支給額（ａ＋ｂ）上限","賃金","月平均労働日数","基本給下限","基本給上限","基本給ラベル","基本給","定額手当１／名","定額手当１／下限","定額手当１／上限","定額的に支払われる手当１","定額手当２／名","定額手当２／下限","定額手当２／上限","定額的に支払われる手当２","定額手当３／名","定額手当３／下限","定額手当３／上限","定額的に支払われる手当３","定額手当４／名","定額手当４／下限","定額手当４／上限","定額的に支払われる手当４","固定残業代有無（コード）","固定残業代有無","固定残業代／下限","固定残業代／上限","固定残業代","固定残業代に関する特記事項","その他の手当等付記事項","賃金形態（コード）","賃金形態","賃金形態等金額／下限","賃金形態等金額／上限","賃金形態等金額","賃金形態その他","通勤手当区分（コード）","通勤手当区分","通勤手当月額日額（コード）","通勤手当月額日額","通勤手当金額","通勤手当","賃金締切日区分（コード）","賃金締切日／毎月（締切日）","賃金締切日","その他締切日","賃金支払日区分（コード）","賃金支払日／毎月／区分","賃金支払日／毎月（支払日）","賃金支払日","その他支払日","昇給有無（コード）","昇給有無","昇給（前年度実績）の有無（コード）","昇給（前年度実績）の有無","昇給／金額・昇給率（コード）","昇給／月額・時給（コード）","昇給額下限","昇給額上限","昇給率下限","昇給率上限","昇給金額／昇給率","賞与有無（コード）","賞与有無","賞与（前年度実績）の有無（コード）","賞与（前年度実績）の有無","賞与回数（コード）","賞与回数","賞与／月数・金額（コード）","賞与／月数・金額","賞与月数（コード）","賞与月数","賞与金額下限","賞与金額上限","賞与金額／賞与月数","就業方法区分（コード）","変形単位区分（コード）","就業時間区分","就業時間１始業","就業時間１終業","就業時間１始業、終業","就業時間２始業","就業時間２終業","就業時間２始業、終業","就業時間３始業","就業時間３終業","就業時間３始業、終業","就業時間（又は）始業","就業時間（又は）終業","就業時間（又は）時間","就業時間限定時間以上","就業時間限定時間程度","就業時間限定時間","就業時間に関する特記事項","時間外労働有無（コード）","時間外労働有無","時間外月平均時間（コード）","時間外月平均時間","36協定における特別条項有無（コード）","36協定における特別条項有無","特別な事情・期間等","休憩時間（分）（コード）","休憩時間（分）","年間休日数（コード）","年間休日数","週所定労働日数／入力種別（コード）","週所定労働日数／下限","週所定労働日数／上限","週所定労働日数／以上程度以内（コード）","週の労働日数","週所定労働日数","労働日数について相談可否（コード）","労働日数について相談可否","休日／月曜","休日／火曜","休日／水曜","休日／木曜","休日／金曜","休日／土曜","休日／日曜","休日／祝日","休日／他","休日","週休二日制（コード）","週休二日制","休日・週休２日制その他の場合","6ヶ月経過後の年次有給休暇日数（コード）","6ヶ月経過後の年次有給休暇日数","加入保険等／雇用","加入保険等／労災","加入保険等／公災","加入保険等／健康","加入保険等／厚生","加入保険等／財形","加入保険／その他","加入保険等","その他の加入保険等","退職金共済（コード）","退職金共済","退職金制度（コード）","退職金制度／勤続年数不問（コード）","退職金勤続年数","退職金制度","企業年金／厚生年金基金","企業年金／確定拠出年金","企業年金／確定給付年金","企業年金","定年制有無（コード）","定年制一律（コード）","定年制年齢","定年制","再雇用制度の有無（コード）","再雇用制度／上限年齢の有無（コード）","再雇用制度／上限年齢","再雇用","勤務延長の有無（コード）","勤務延長／上限年齢の有無（コード）","勤務延長／上限年齢","勤務延長","入居可能住宅_単身用（コード）","入居可能住宅_単身用あり","入居可能住宅_世帯用（コード）","入居可能住宅_世帯用あり","入居可能住宅に関する特記事項","利用可能託児施設の有無（コード）","利用可能託児施設の有無","利用可能託児施設に関する特記事項","従業員数企業全体（コード）","従業員数企業全体","従業員数就業場所（コード）","従業員数就業場所","従業員数うち女性（コード）","従業員数うち女性","従業員数うちパート（コード）","従業員数うちパート","創業設立元号（コード）","創業設立年（西暦）","創業","資本金金額","資本金","労働組合有無（コード）","労働組合有無","事業内容","会社の特長","代表者役職","代表者名","法人番号","就業規則フルタイム（コード）","就業規則フルタイム","就業規則パート（コード）","就業規則パート","職務給制度の有無（コード）","職務給制度の有無","復職制度の有無（コード）","復職制度の有無","育児休業取得実績有無（コード）","育児休業取得実績有無","介護休業取得実績有無（コード）","介護休業取得実績有無","看護休暇取得実績有無（コード）","看護休暇取得実績有無","外国人雇用実績の有無（コード）","外国人雇用実績の有無","ＵＩＪターン歓迎（コード）","ＵＩＪターン歓迎","求人に関する特記事項","採用人数（コード）","採用人数","募集理由区分（コード）","募集理由区分","その他募集理由","選考方法／書類選考","選考方法／面接","選考方法／筆記試験","面接予定回数（コード）","選考方法","選考方法／その他","結果通知タイミング／即決（コード）","結果通知タイミング／即決","結果通知タイミング／書類選考後（コード）","結果通知タイミング／書類選考後","書類選考結果通知／書類到着後（コード）","書類選考結果通知／書類到着後","結果通知タイミング／面接選考後（コード）","結果通知タイミング／面接選考後","面接選考結果通知／面接後（コード）","面接選考結果通知／面接後","結果通知タイミング／その他（コード）","結果通知タイミング／その他","通知方法／求職者マイページに連絡","通知方法／郵送","通知方法／電話","通知方法／メール","通知方法／その他","通知方法","選考日時区分（コード）","選考日時区分","日時その他","選考場所／郵便番号","選考場所／住所","選考場所／最寄り駅","選考場所／最寄り駅文字列","選考場所／交通手段（コード）","選考場所／交通手段","選考場所／所要時間","応募書類等／ハローワーク紹介状","応募書類等／履歴書","応募書類等／履歴書写真貼付","応募書類等／職務経歴書","応募書類等／ジョブ・カード","携行品","応募書類その他","応募書類送付方法／メール","応募書類送付方法／郵送","応募書類送付方法／求職者マイページからの登録","応募書類送付方法","送付方法その他","その他の送付場所","郵送の送付場所郵便番号","郵送の送付場所住所","応募書類の返戻有無（コード）","応募書類の返戻有無","選考に関する特記事項","選考担当者課係名／役職名","選考担当者氏名フリガナ","選考担当者氏名漢字","選考担当者ＴＥＬ","選考担当者内線","選考担当者ＦＡＸ","選考担当者Ｅメール","免許・資格１（コード）","免許・資格２（コード）","免許・資格３（コード）","免許・資格名１（名称）","免許・資格名２（名称）","免許・資格名３（名称）","識別欄１","識別欄２","識別欄３","識別欄４","識別欄５","識別欄６","識別欄７","識別欄８","識別欄９","識別欄１０","受理安定所番号","受理安定所名"
"01010-48902441","0101-624600-7","2024/12/11","令和6年12月11日","2025/02/28","","1","一般","1","フルタイム","（フルタイム）","1","0","","","","0","","1","オンライン自主応募可","01101","北海道札幌市中央区","","","","","","","","","009-99","010-04","","02","02","","729","L","その他の専門サービス業","カブシキガイシャ　ニューブレイン　アライアンス","株式会社　ニューブレイン・アライアンス","064-0802","北海道札幌市中央区南２条西２０丁目２番３号　ロータリー２０ビル５階","https://www.newbrain.co.jp","Ｗｅｂデザイン、サポート担当","・自社開発のｅラーニングシステムの開発・運用　・自社開発のＡＩテスト自動採点システム開発・運用　・自社開発のＩＤ発行システムの開発・運用　・自社制作のオフィシャルサイトの開発・運用　・教材開発プロジェクト　・顧客先（学校）へのサポート業務　・営業アシスタント業務　　【教育・研修について】　＊未経験の方でも入社後、研修を行います。　＊先輩が付いて、丁寧にお教えしていくので常にサポートを　　受けられる体制が整っています。","1","正社員","","","","","3","派遣・請負ではない","","1","雇用期間の定めなし","","","","","","","","","","1","事業所所在地と同じ","0","非該当","064-0802","北海道札幌市中央区南２条西２０丁目２番３号　ロータリー２０ビル５階","地下鉄東西線　西１８丁目駅　から　徒歩5分","地下鉄東西線　西１８丁目","1","徒歩","5","","1","あり","1","屋内禁煙","あり（屋内禁煙）","","0","不可","","","0","なし","","2","年齢制限　あり","","59","（59歳以下）","21","定年を上限","６０歳定年のため","1","必須","7","短大以上","専門学校・短大卒以上／新卒・第二新卒者、キャリアアップ者歓迎　＊情報系専科教育受けている方　※実務経験不問","2","あれば尚可","・何らかのシステム開発に関わるアルバイト経験がある方・プログラミングを独学やスクール等で学び、Ｗｅｂサイトのデザインや制作の経験がある方・Ｗｅｂアプリケーション開発経験がある方","ワード・エクセル基本操作","1","不問","","","","未選択","未選択","未選択","","0","","","","1","","1","試用期間あり","３ヶ月","1","同条件","","180000","250000","月額（ａ＋ｂ）180,000円〜250,000円","19.6","180000","250000","基本給（月額平均）又は時間額　月平均労働日数（19.6日）","180,000円〜250,000円","","","","","","","","","","","","","","","","","0","なし","","","なし","","＊業績給　＊経験・能力を考慮の上、当社規定により決定します。　","1","月給","","","","","1","実費支給（上限あり）","1","月額","15000","月額　15,000円","2","","固定（月末）","","1","2","20","固定（月末以外）　翌月　20　日","","1","あり","0","（前年度実績　なし）","","","","","","","","0","なし","","","","","","","","","","","","","","","0900","1730","(1)9時00分〜17時30分","","","","","","","","","","0","0","","実働７時間３０分（基本残業なし）","0","なし","","","0","なし","","60","60分","129","129日","","","","","","","0","","0","0","0","0","0","1","1","1","1","土日祝日その他","1","毎　週","完全週休２日制・年末年始休暇・夏期休暇・慶弔休暇","10","6ヶ月経過後の年次有給休暇日数　10日","1","1","0","1","1","0","0","雇用　労災　健康　厚生","","0","未加入","0","0","","","0","0","0","","1","1","60","あり　（一律　60歳）","1","1","65","あり　（上限　65歳まで）","0","","","なし","0","","0","","","0","なし","","5","5人","5","5人","2","2人","1","1人","4","2006","平成18年","950","950万円","0","なし","Ｂｒａｉｎｓ　ｅラーニング運営　教材制作及びインターネットによる配信サービス","英語教科の自己学習の仕組みとして公立高校を中心に採用が増加しています。文部科学省の強力な推進もあり、今後益々拡大が期待される事業です。","代表取締役","能塚　敏之","5430001031418","1","あり","1","あり","0","なし","0","なし","2","該当者なし","2","該当者なし","2","該当者なし","","","0","非該当","【事業内容】ＩＣＴ教育関連事業　事業拡大に伴う人員増強です。　将来はプロダクトマネージャーとしての幹部候補として活用をしていただけます。　株式会社ニューブレイン・アライアンスは大学の英語教員・英語科チームをメンバーに英語教材を制作、Ｂｒａｉｎｓ　ｅラーニングの運営を主として、道内、全国の公立高校、大学を中心に配信サービスを展開。設立から１８年目を超えます。　教育業界（小学、中学、高校）は政府のＩＣＴ推進・ＧＩＧＡスクール構想に基づいて、授業や家庭での活用が急速に広がり、道内の公立高校、大学を中心に取引が急速に増加しています。　導入校へのサポートや自社開発のｅラーニングシステム、ＡＩ自動採点システム等など、事業の拡大により多岐にわたります。　今後は教材ソフトの開発だけでなく、新たなシステム開発や保守、サポート業務など幅広い分野に携わることが可能です。　　＊面接日・勤務開始日については柔軟に対応させていただきます。　　当社へお問い合わせの上、履歴書・職務経歴書を郵送、又は　　Ｅーｍａｉｌ添付にて送付してください。　　＊業務の変更範囲：変更なし","1","1人","2","増員","","1","1","0","1","面接（予定1回）　書類選考","0","0","","1","書類選考後","10","書類到着後　10日以内","1","面接選考後","10","面接後　10日以内","0","","1","1","1","1","0","郵送　電話　Eメール","2","その他","面接日時等は書類選考後に連絡","064-0802","北海道札幌市中央区南２条西２０丁目２番３号　ロータリー２０ビル５階","地下鉄東西線　西１８丁目駅　から　徒歩5分","地下鉄東西線　西１８丁目","1","徒歩","5","1","1","1","1","0","ハローワーク紹介状　履歴書（写真貼付）　職務経歴書","","1","1","1","Eメール　郵送　求職者マイページ","","０６４−０８０２　札幌市中央区南２条西２０丁目２−３ー５階　「株式会社　ニューブレイン・アライアンス　採用担当」宛","","０６４−０８０２　札幌市中央区南２条西２０丁目２−３ー５階　「株式会社　ニューブレイン・アライアンス　採用担当」宛","1","選考後は返却","事前連絡","代表取締役","ノウヅカ","能塚","011-633-5400","","011-633-5401","info@newbrain.co.jp","","","","","","","","","Z88","","","","","","","","01010","札幌公共職業安定所"
"01010-48903741","0101-624651-7","2024/12/11","令和6年12月11日","2025/02/28","","1","一般","1","フルタイム","（フルタイム）","1","0","","","","0","","0","オンライン自主応募不可","01101","北海道札幌市中央区","","","","","","","","","009-01","","","02","","","391","G","ソフトウェア業","カブシキガイシャ　スクデット　ソフトウェア","株式会社　スクデット・ソフトウェア","060-0042","北海道札幌市中央区大通西９丁目３　キタコーセンタービルディング５Ｆ","http://www.scudetto-software.co.jp","ＪＡＶＡ／ＰＨＰ／ＶＢ．ＮＥＴアプリケーションエンジニア","ＪＡＶＡ／ＰＨＰ／ＶＢ．ＮＥＴでのＷｅｂシステム開発。　Ｗｅｂシステムにおけるアプリケーション／サーバに関する　システムソフトウェア開発業務を行って頂きます。　・官公庁関連システム開発　・各種業務アプリケーション　・ＡＷＳを活用したシステムソフトウェア開発　　＊将来的には社内公募により企画を募り、開発を行うなど、　　社員一人一人がものづくりに取り組み、技術の研鑽を行え　　る環境を整備し、世の中に希求されるソフトウェアを開発　　する事を目標としています。　＊業務の変更範囲：変更なし","1","正社員","","","","","3","派遣・請負ではない","","1","雇用期間の定めなし","","","","","","","","","","1","事業所所在地と同じ","0","非該当","060-0042","北海道札幌市中央区大通西９丁目３　キタコーセンタービルディング５Ｆ","地下鉄東西線　西１１丁目駅　から　徒歩5分","地下鉄東西線　西１１丁目","1","徒歩","5","","1","あり","2","喫煙室設置","あり（喫煙室設置）","喫煙専用室設置","0","不可","","","0","なし","","2","年齢制限　あり","","59","（59歳以下）","21","定年を上限","６０歳定年のため","3","不問","","","","1","必須","ＪＡＶＡもしくはＰＨＰでの開発経験半年以上","","1","不問","","","","未選択","未選択","未選択","","0","","","","1","","1","試用期間あり","６ヶ月","1","同条件","","320000","440000","月額（ａ＋ｂ）320,000円〜440,000円","20.0","320000","440000","基本給（月額平均）又は時間額　月平均労働日数（20.0日）","320,000円〜440,000円","","","","","","","","","","","","","","","","","0","なし","","","なし","","","1","月給","","","","","4","実費支給（上限なし）","","","","","2","","固定（月末）","","3","","","その他","翌月末日","1","あり","1","（前年度実績　あり）","1","1","1000","12000","","","金額　1月あたり 1,000 円 〜 12,000 円（前年度実績）","1","あり","1","（前年度実績　あり）","2","2回","1","賞与月数","1.8","1.8ヶ月分","","","賞与月数　計 1.8ヶ月分（前年度実績）","","","","0900","1800","(1)9時00分〜18時00分","","","","","","","","","","0","0","","","1","あり","20","月平均20時間","1","あり","納期対応、月８０時間（年６回限度）、年７２０時間","60","60分","125","125日","","","","","","","0","","0","0","0","0","0","1","1","1","1","土日祝日その他","1","毎　週","夏期休暇３日　年末年始６日（１２／２９〜１／３）","10","6ヶ月経過後の年次有給休暇日数　10日","1","1","0","1","1","0","0","雇用　労災　健康　厚生","","0","未加入","0","0","","","0","0","0","","1","1","60","あり　（一律　60歳）","1","1","65","あり　（上限　65歳まで）","0","","","なし","0","","0","","","0","なし","","39","39人","39","39人","0","0人","0","0人","4","2015","平成27年","1000","1,000万円","0","なし","システム開発及びソフトウェア開発、評価作業の受託事業。　札幌市内を中心に、組込、Ｗｅｂシステム、スマートフォンアプリの開発を官公庁、道内ＩＴ企業など広く手がけております。","専門性の高いソフトウェア開発の他にも、評価などの業務経験の無い方向けの事業も広く手がけております。未経験の方でも社内教育を通して、キャリアアップしていただける様、サポート致します。","代表取締役","武田　英幸","3430001068593","1","あり","1","あり","0","なし","0","なし","1","あり","2","該当者なし","2","該当者なし","","","1","ＵＩＪターン歓迎","＊女性も働きやすい会社を目指しています。　＊ブランクなどがあってもお気軽に応募頂けます。　　＊前職以上の給与支給　＊昇給率３％以上　　＊札幌市以外近郊都市からの通勤可能（交通費支給あり）　＊客先での勤務（主に札幌駅・大通駅周辺）あり　＊管理職へのキャリアアップ支援として社外研修を実施　　　　＊東証スタンダード上場企業の１００％子会社","3","3人","2","増員","","1","1","0","1","面接（予定1回）　書類選考","0","0","","1","書類選考後","7","書類到着後　7日以内","1","面接選考後","7","面接後　7日以内","0","","0","0","1","1","0","電話　Eメール","2","その他","後日連絡","060-0042","北海道札幌市中央区大通西９丁目３　キタコーセンタービルディング５Ｆ","地下鉄東西線　西１１丁目駅　から　徒歩5分","地下鉄東西線　西１１丁目","1","徒歩","5","1","1","1","1","0","ハローワーク紹介状　履歴書（写真貼付）　職務経歴書","","0","1","0","郵送","","","060-0042","北海道札幌市中央区大通西９丁目３　キタコーセンタービルディング５Ｆ","2","求人者の責任にて廃棄","事前連絡　＊オンライン面接（Ｚｏｏｍ）可　＊履歴書にＥメールアドレスをご記入ください。","採用担当　","コタニ　アユム","小谷　歩","000-000-0000","","011-596-7971","","","","","","","","","","Z88","","","","","","","","01010","札幌公共職業安定所"
"01010-48904641","0101-624651-7","2024/12/11","令和6年12月11日","2025/02/28","","1","一般","1","フルタイム","（フルタイム）","1","0","","","","0","","0","オンライン自主応募不可","01101","北海道札幌市中央区","","","","","","","","","009-01","","","02","","","391","G","ソフトウェア業","カブシキガイシャ　スクデット　ソフトウェア","株式会社　スクデット・ソフトウェア","060-0042","北海道札幌市中央区大通西９丁目３　キタコーセンタービルディング５Ｆ","http://www.scudetto-software.co.jp","Ｃ＃／Ｃ／Ｃ＋＋アプリケーションエンジニア","Ｃ／Ｃ＋＋／Ｃ＃でのソフトウェア開発。　組込技術及び業務システムのプログラム及び設計、社員管理　システムなどの業務を行って頂きます。　・スマートフォン／カーナビゲーション開発　・各種業務アプリケーション　・通信技術に関する組込ソフトウェア開発　・カメラ画質調整に関する組込ソフトウェア開発　＊将来的には社内公募により企画を募り、開発を行うなど、社員　　一人一人がものづくりに取り組み、技術の研鑽を行える環境を　　整備し、世の中に希求されるソフトウェアを開発する事を目標　　としています。　＊業務の変更範囲：変更なし","1","正社員","","","","","3","派遣・請負ではない","","1","雇用期間の定めなし","","","","","","","","","","1","事業所所在地と同じ","0","非該当","060-0042","北海道札幌市中央区大通西９丁目３　キタコーセンタービルディング５Ｆ","地下鉄東西線　西１１丁目駅　から　徒歩5分","地下鉄東西線　西１１丁目","1","徒歩","5","","1","あり","2","喫煙室設置","あり（喫煙室設置）","喫煙専用室設置","0","不可","","","0","なし","","2","年齢制限　あり","","59","（59歳以下）","21","定年を上限","６０歳定年のため","3","不問","","","","1","必須","Ｃ＃／Ｃ／Ｃ＋＋での開発経験半年以上","","1","不問","","","","未選択","未選択","未選択","","0","","","","1","","1","試用期間あり","６ヶ月","1","同条件","","320000","440000","月額（ａ＋ｂ）320,000円〜440,000円","20.0","320000","440000","基本給（月額平均）又は時間額　月平均労働日数（20.0日）","320,000円〜440,000円","","","","","","","","","","","","","","","","","0","なし","","","なし","","","1","月給","","","","","4","実費支給（上限なし）","","","","","2","","固定（月末）","","3","","","その他","翌月末日","1","あり","1","（前年度実績　あり）","1","1","1000","12000","","","金額　1月あたり 1,000 円 〜 12,000 円（前年度実績）","1","あり","1","（前年度実績　あり）","2","2回","1","賞与月数","1.8","1.8ヶ月分","","","賞与月数　計 1.8ヶ月分（前年度実績）","","","","0900","1800","(1)9時00分〜18時00分","","","","","","","","","","0","0","","","1","あり","20","月平均20時間","1","あり","納期対応、月８０時間（年６回限度）、年７２０時間","60","60分","125","125日","","","","","","","0","","0","0","0","0","0","1","1","1","1","土日祝日その他","1","毎　週","夏期休暇３日　年末年始６日（１２／２９〜１／３）","10","6ヶ月経過後の年次有給休暇日数　10日","1","1","0","1","1","0","0","雇用　労災　健康　厚生","","0","未加入","0","0","","","0","0","0","","1","1","60","あり　（一律　60歳）","1","1","65","あり　（上限　65歳まで）","0","","","なし","0","","0","","","0","なし","","39","39人","39","39人","0","0人","0","0人","4","2015","平成27年","1000","1,000万円","0","なし","システム開発及びソフトウェア開発、評価作業の受託事業。　札幌市内を中心に、組込、Ｗｅｂシステム、スマートフォンアプリの開発を官公庁、道内ＩＴ企業など広く手がけております。","専門性の高いソフトウェア開発の他にも、評価などの業務経験の無い方向けの事業も広く手がけております。未経験の方でも社内教育を通して、キャリアアップしていただける様、サポート致します。","代表取締役","武田　英幸","3430001068593","1","あり","1","あり","0","なし","0","なし","1","あり","2","該当者なし","2","該当者なし","","","1","ＵＩＪターン歓迎","＊女性も働きやすい会社を目指しています。　＊ブランクなどがあってもお気軽に応募頂けます。　　＊前職以上の給与支給　＊昇給率３％以上　　＊札幌市以外近郊都市からの通勤可能（交通費支給あり）　＊客先での勤務あり（主に札幌駅・大通駅周辺）　＊管理職へのキャリアアップ支援として社外研修を実施　　　　＊東証スタンダード上場企業の１００％子会社　　　","3","3人","2","増員","","1","1","0","1","面接（予定1回）　書類選考","0","0","","1","書類選考後","7","書類到着後　7日以内","1","面接選考後","7","面接後　7日以内","0","","0","0","1","1","0","電話　Eメール","2","その他","後日連絡","060-0042","北海道札幌市中央区大通西９丁目３　キタコーセンタービルディング５Ｆ","地下鉄東西線　西１１丁目駅　から　徒歩5分","地下鉄東西線　西１１丁目","1","徒歩","5","1","1","1","1","0","ハローワーク紹介状　履歴書（写真貼付）　職務経歴書","","0","1","0","郵送","","","060-0042","北海道札幌市中央区大通西９丁目３　キタコーセンタービルディング５Ｆ","2","求人者の責任にて廃棄","事前連絡　＊オンライン面接（Ｚｏｏｍ）可　＊履歴書にＥメールアドレスをご記入ください。","採用担当　","コタニ　アユム","小谷　歩","000-000-0000","","011-596-7971","","","","","","","","","","Z88","","","","","","","","01010","札幌公共職業安定所"
"01010-48914141","0101-627196-7","2024/12/11","令和6年12月11日","2025/02/28","","1","一般","1","フルタイム","（フルタイム）","1","0","","","","0","","0","オンライン自主応募不可","01101","北海道札幌市中央区","01101","","","","北海道札幌市中央区","","","","033-01","","","06","","","392","G","情報処理・提供サービス業","エスシーエスケー　サービスウェア　カブシキガイシャ　サッポロ　センター","ＳＣＳＫサービスウェア　株式会社　札幌センター","060-0061","北海道札幌市中央区南１条西３丁目８−２０　　　　メットライフ札幌プラザ７Ｆ","http://www.scskserviceware.co.jp","（契）総務事務","総務、庶務業務　・電話対応、来客対応、業者対応　・書類作成、ＯＡ操作、メール対応　・オフィス管理　・コールセンター社員の採用、管理に関わる業務　　　　＊業務の変更範囲：会社の定める業務内容","2","正社員以外","契約社員","1","あり","８名","3","派遣・請負ではない","派13-040761","3","雇用期間の定めあり（４ヶ月未満）","","","0","2","0年2ヶ月","1","2","契約更新の可能性　あり（条件付きで更新あり）","勤怠状況、勤務態度及び成績による　＊雇用期間満了後、３ヶ月毎更新の可能性あり","3","","0","非該当","060-0002","北海道札幌市中央区北２条西１丁目１　マルイト札幌ビル１０階　ＳＣＳＫサービスウェア　株式会社","地下鉄さっぽろ（東豊線）駅　から　徒歩5分","地下鉄さっぽろ（東豊線）","1","徒歩","5","当社別オフィス（南１西４）での勤務が発生する場合があります","1","あり","2","喫煙室設置","あり（喫煙室設置）","喫煙専用室はオフィスと同じフロアに設置あり","0","不可","","","0","なし","","1","不問","","","","","","","1","必須","3","高校以上","","1","必須","電話対応、来客対応","基本的なＰＣ操作スキル、Ｅｘｃｅｌ（ＳＵＭ関数、ｖｌｏｏｋｕｐ関数）","1","不問","","","","未選択","未選択","未選択","","0","","","","1","","1","試用期間あり","入社日より２ヶ月","1","同条件","","170000","170000","月額（ａ＋ｂ）170,000円〜170,000円","20.1","170000","170000","基本給（月額平均）又は時間額　月平均労働日数（20.1日）","170,000円〜170,000円","","","","","","","","","","","","","","","","","0","なし","","","なし","","","1","月給","","","","","4","実費支給（上限なし）","","","","","2","","固定（月末）","","1","1","25","固定（月末以外）　当月　25　日","","0","なし","","","","","","","","","","0","なし","","","","","","","","","","","","","","","0900","1800","(1)9時00分〜18時00分","","","","","","","","","","0","0","","","1","あり","5","月平均5時間","0","なし","","60","60分","123","123日","","","","","","","0","","0","0","0","0","0","1","1","1","1","土日祝日その他","1","毎　週","年末年始休暇（１２／２９〜１／３）","10","6ヶ月経過後の年次有給休暇日数　10日","1","1","0","1","1","0","0","雇用　労災　健康　厚生","","0","未加入","0","0","","","0","0","0","","0","","","なし","0","","","なし","0","","","なし","0","","0","","","0","なし","","5559","5,559人","139","139人","106","106人","4","4人","3","1983","昭和58年","62000","6億2,000万円","0","なし","お客様との接点となる「コールセンター」や「各種データ入力」　「事務処理」など顧客企業の周辺業務を総合的に請け負い　質の高いサービスを提供しています。　１３−０４０７６１","人とＩＴを結ぶ独自のサービスで成長を続けています。　コールセンター運営や事務作業など様々な分野の仕事がございます。　また各種社会保険・有給休暇制度などの福利厚生も充実しております。","拠点長","水野　達也","3010401051200","1","あり","1","あり","0","なし","0","なし","1","あり","1","あり","1","あり","0","なし","1","ＵＩＪターン歓迎","・交通費全額支給　・正社員登用制度あり　・更新上限年齢の規定あり　　◆働き方改革関連認定企業◆　※くるみん認定企業　※札幌市ワークライフバランスＰｌｕｓ認証　　◆障がい者就労支援企業◆　※北海道障がい者就労支援企業認証　　◆サッポロスマイルパートナー登録企業◆　※サッポロスマイルパートナー登録認定　　＊応募書類にＥメールアドレスを必ず記入して下さい。","1","1人","2","増員","","1","1","0","1","面接（予定1回）　書類選考","0","0","","1","書類選考後","7","書類到着後　7日以内","1","面接選考後","7","面接後　7日以内","0","","0","0","0","1","0","Eメール","2","その他","面接日時等は書類選考後に連絡","060-0002","北海道札幌市中央区北２条西１丁目１　マルイト札幌ビル１０階　ＳＣＳＫサービスウェア　株式会社","地下鉄さっぽろ（東豊線）駅　から　徒歩5分","地下鉄さっぽろ（東豊線）","1","徒歩","5","1","1","1","1","0","ハローワーク紹介状　履歴書（写真貼付）　職務経歴書","","1","1","0","Eメール　郵送","","","060-0002","北海道札幌市中央区北２条西１丁目１　マルイト札幌ビル１０階　ＳＣＳＫサービスウェア　株式会社","2","求人者の責任にて廃棄","","係長","ナハラ","菜原","011-280-2310","","","sw-saiyo.sp@saiyo.scskserviceware.co.jp","","","","","","","Y89","","Z88","","","","","","","","01010","札幌公共職業安定所"
"01010-48916341","0101-107800-3","2024/12/11","令和6年12月11日","2025/02/28","","1","一般","1","フルタイム","（フルタイム）","1","0","","","","0","","0","オンライン自主応募不可","01107","北海道札幌市西区","","","","","","","","","002-01","","","01","","","742","L","土木建築サービス業","カブシキガイシャ　アルファ　スイコウ　コンサルタンツ","株式会社　アルファ水工　コンサルタンツ","063-0829","北海道札幌市西区発寒９条１４丁目５１６−３３６","http://www.ahec.jp","（契）管理部長候補","グループ会社８社の人事・総務・労務の業務遂行と管理業務です。　各社、各部門の意向を収集して体制・制度改革や施設計画の立案から実行。　人事考課や資産管理、運用の方針、社有不動産や施設・設備の運営管理等の多岐にわたる業務のマネジメントを担っていただきます。　　＊雇用期間満了後、正社員登用予定（業務評価による）　　　「働き方改革関連認定企業」えるぼし（３段階目）","2","正社員以外","契約社員","1","あり","７名","3","派遣・請負ではない","派01-010219","2","雇用期間の定めあり（４ヶ月以上）","","","0","6","0年6ヶ月","1","2","契約更新の可能性　あり（条件付きで更新あり）","正社員登用予定（業務評価による）","1","事業所所在地と同じ","0","非該当","063-0829","北海道札幌市西区発寒９条１４丁目５１６−３３６","ＪＲ　発寒駅　から　徒歩3分","ＪＲ　発寒","1","徒歩","3","","1","あり","2","喫煙室設置","あり（喫煙室設置）","専用喫煙室を社屋内に設置","1","可","1","駐車場　あり","0","なし","","1","不問","","","","","","","1","必須","8","大学以上","","1","必須","総務・労務・人事いずれかの１０年以上の実務経験　部下のマネジメント経験","ワード・エクセル・パワーポイントの基本的な操作","0","","","","","未選択","未選択","未選択","","0","","1","普通自動車運転免許　　必須","1","","1","試用期間あり","６ヶ月","1","同条件","","333000","583000","月額（ａ＋ｂ）333,000円〜583,000円","20.0","333000","583000","基本給（月額平均）又は時間額　月平均労働日数（20.0日）","333,000円〜583,000円","","","","","","","","","","","","","","","","","0","なし","","","なし","","時間外手当　住宅手当　役職手当","1","月給","","","","","1","実費支給（上限あり）","1","月額","50000","月額　50,000円","2","","固定（月末）","","1","1","21","固定（月末以外）　当月　21　日","","1","あり","1","（前年度実績　あり）","1","1","2000","","","","金額　1月あたり 2,000 円 〜（前年度実績）","1","あり","1","（前年度実績　あり）","2","2回","1","賞与月数","6","6ヶ月分","","","賞与月数　計 6ヶ月分（前年度実績）","","","","0900","1730","(1)9時00分〜17時30分","","","","","","","","","","0","0","","","1","あり","10","月平均10時間","0","なし","","60","60分","125","125日","","","","","","","0","","0","0","0","0","0","1","1","1","1","土日祝日その他","1","毎　週","夏期休暇・年末年始休暇","10","6ヶ月経過後の年次有給休暇日数　10日","1","1","0","1","1","0","0","雇用　労災　健康　厚生","","0","未加入","0","0","","","0","0","0","","0","","","なし","0","","","なし","0","","","なし","0","","0","","","0","なし","","110","110人","88","88人","37","37人","8","8人","3","1984","昭和59年","2000","2,000万円","0","なし","海岸・漁港・港湾・河川・水産土木に関する計画・設計・調査・　測量・解析・景観設計他環境調査等のコンサルタント業。","海岸・漁港・港湾、河川・水産土木に関する計画・設計・調査・　測量・解析・景観設計他環境調査等のコンサルタント業。　並びに、それに関わるソフトウェア開発。","代表取締役","堀江　岳人","3430001001109","1","あり","1","あり","0","なし","0","なし","1","あり","2","該当者なし","1","あり","","","1","ＵＩＪターン歓迎","＊マイカー通勤：無料駐車場あり　　＊正社員登用後　　賞与　：あり（前年度実績あり）　年２回　　定年制：あり　一律６０歳　　再雇用制度：あり　６５歳まで　　退職金制度：あり　勤続２年以上","1","1人","1","欠員補充","","1","1","0","2","面接（予定2回）　書類選考","0","0","","1","書類選考後","10","書類到着後　10日以内","1","面接選考後","10","面接後　10日以内","0","","0","0","0","1","0","Eメール","2","その他","面接日時等は書類選考後に連絡","063-0829","北海道札幌市西区発寒９条１４丁目５１６−３３６","ＪＲ　発寒駅　から　徒歩3分","ＪＲ　発寒","1","徒歩","3","1","1","1","1","0","ハローワーク紹介状　履歴書（写真貼付）　職務経歴書","","1","0","0","Eメール","","","","","2","求人者の責任にて廃棄","ＷＥＢでの面接も可能です","管理部","イズミ","泉","090-3735-1380","","","izumi@ahec.jp","","","","","","","Y89","","Z88","","","","","","","","01010","札幌公共職業安定所"
"01010-48918241","0101-929712-7","2024/12/11","令和6年12月11日","2025/02/28","","1","一般","1","フルタイム","（フルタイム）","1","0","","","","0","","1","オンライン自主応募可","01101","北海道札幌市中央区","01101","01204","01207","01208","北海道札幌市中央区","北海道旭川市","北海道帯広市","北海道北見市","055-07","","","09","","","959","R","他に分類されないサービス業","カブシキガイシャ　レオック","株式会社　ＬＥＯＣ","060-0001","北海道札幌市中央区北１条西４丁目２番２号　　　　札幌ノースプラザビル６階　（本社：東京都千代田区大手町１−１−３　大手センタービル）","http://www.leoc-j.com","（契）外国人サポート（中央区北１西４）","道内の受託先の病院・施設内厨房にて就労している、特定技能スタッフのお仕事支援・生活面のフォロー対応のほか、出入国時のサポート、定期面談等を行っていただきます。　　　＊業務の変更範囲：変更なし","2","正社員以外","契約社員","1","あり","３０名","2","請負","","2","雇用期間の定めあり（４ヶ月以上）","","2025/06/30","","","〜令和7年6月30日","1","2","契約更新の可能性　あり（条件付きで更新あり）","雇用期間満了後、１年毎更新の可能性あり　（業績評価、勤務態度、請負契約等による）","3","","0","非該当","060-0001","北海道札幌市中央区北１条西４丁目２−２　札幌ノースプラザ６階","大通駅　から　徒歩5分","大通","1","徒歩","5","札幌・旭川・帯広・北見・苫小牧等、拠点場所は相談に応じます　定期面談で道内各地を巡回する場合、宿泊を伴うこともあります","1","あり","1","屋内禁煙","あり（屋内禁煙）","","0","不可","","","1","あり　転勤範囲","通勤圏内","1","不問","","","","","","","3","不問","","","","2","あれば尚可","外国語が話せる人優遇　（ミャンマー・ベトナム・英語・モンゴル語）","","0","","1","","","必須","未選択","未選択","","0","","2","普通自動車運転免許　　あれば尚可","1","","1","試用期間あり","３ヶ月","1","同条件","","230000","300000","月額（ａ＋ｂ）230,000円〜300,000円","20.3","230000","300000","基本給（月額平均）又は時間額　月平均労働日数（20.3日）","230,000円〜300,000円","","","","","","","","","","","","","","","","","0","なし","","","なし","","早出手当あり　　５：００〜９：００の間、１時間１５０円加給","1","月給","","","","","4","実費支給（上限なし）","","","","","2","","固定（月末）","","1","2","20","固定（月末以外）　翌月　20　日","","1","あり","1","（前年度実績　あり）","1","1","0","10000","","","金額　1月あたり 0 円 〜 10,000 円（前年度実績）","1","あり","1","（前年度実績　あり）","2","2回","1","賞与月数","2","2ヶ月分","","","賞与月数　計 2ヶ月分（前年度実績）","5","1","変形労働時間制（1か月単位）","0900","1800","(1)9時00分〜18時00分","","","","","","","","","","0","0","","※運営状況により、時間外労働が発生する場合があります。","0","なし","","","0","なし","","60","60分","121","121日","","","","","","","0","","0","0","0","0","0","0","0","0","1","その他","3","その他","月の公休数は休日カレンダーによる","10","6ヶ月経過後の年次有給休暇日数　10日","1","1","0","1","1","0","0","雇用　労災　健康　厚生","","0","未加入","0","0","","","0","0","0","","0","","","なし","0","","","なし","0","","","なし","0","","0","","","0","なし","","26446","26,446人","0","0人","0","0人","0","0人","3","1983","昭和58年","5000","5,000万円","1","あり","病院・福祉施設、事業所給食受託事業。","北海道地区で給食事業を展開する会社。　道内約５００以上の　病院・福祉施設・社員食堂の受託運営を行っています。　お客様においしい食事を提供しております。","代表取締役社長","田島　利行","7010401086168","1","あり","1","あり","0","なし","0","なし","1","あり","1","あり","1","あり","","","0","非該当","＊交通費は２ｋｍ未満は支給なし　　＊更新上限年齢の規定あり　　＊オンライン自主応募の場合は紹介状不要です。　　","1","1人","2","増員","","0","1","0","1","面接（予定1回）","0","0","","0","","","","1","面接選考後","5","面接後　5日以内","0","","1","0","1","0","0","電話","1","随時","","000-0000","＊面接場所は相談に応じます。","","","","","0","1","1","1","0","0","ハローワーク紹介状　履歴書（写真貼付）","","0","0","1","求職者マイページ","面接時に持参","","","","2","求人者の責任にて廃棄","","事業人事部","ミズシマ　サカモト","水島・坂本","011-200-8808","","011-200-8809","","4401","","","調理師","","","","","Z88","Y07","","","","","Y02","Z51","01010","札幌公共職業安定所"
"01010-48923341","0101-627392-2","2024/12/11","令和6年12月11日","2025/02/28","","1","一般","1","フルタイム","（フルタイム）","1","0","","","","1","トライアル雇用併用","0","オンライン自主応募不可","01101","北海道札幌市中央区","01101","01104","01103","01105","北海道札幌市中央区","北海道札幌市白石区","北海道札幌市東区","北海道札幌市豊平区","017-99","048-08","040-01","03","07","06","061","D","一般土木建築工事業","カブシキガイシャ　マリカ","株式会社　マリカ","064-0821","北海道札幌市中央区北１条西２０丁目２番１号","http://www.mareca.jp","クライアントアドバイザー補助（中央・白石・東・豊平区）","住宅リフォーム全般の提案業務。　主にマンションリフォーム営業スタッフの補助業務を行います。　営業のサポート活動から自らお客さんの担当となり接客をすることもあります。　一生に一度か二度のリフォームだからこそ、お客様にしっかり寄り添い、心地よい居住空間づくりのお手伝いをして、一緒に喜び合う仕事です。　　＊マイカー持込　＊研修制度あり、未経験の方を歓迎しております。　　＊業務の変更範囲：会社の定める業務","1","正社員","","","","","3","派遣・請負ではない","","1","雇用期間の定めなし","","","","","","","","","","3","","0","非該当","000-0000","北海道札幌市中央区北１条西２０丁目２番１号　「本社」　北海道札幌市白石区本通９丁目北４−４５　　「東支店」　北海道札幌市東区北２６条東１丁目２−２２　「北支店」","","","","","0","北海道札幌市豊平区美園４条２丁目１−３１　「南支店」　＊上記いずれかでの勤務となります","1","あり","1","屋内禁煙","あり（屋内禁煙）","","1","可","1","駐車場　あり","0","なし","","2","年齢制限　あり","","64","（64歳以下）","21","定年を上限","６５歳定年のため","1","必須","3","高校以上","","3","不問","","ＰＣ基本操作（ワード）が出来る方","0","","","","","未選択","未選択","未選択","リフォームに関わる資格取得者、採用面・賃金面で優遇","0","","1","普通自動車運転免許　　必須","1","","1","試用期間あり","３ヶ月","2","異なる　　　条件の内容","基本給、営業手当、時間外手当、のみ　他　ガソリン代支給","180000","300000","月額（ａ＋ｂ）180,000円〜300,000円","21.4","160000","250000","基本給（月額平均）又は時間額　月平均労働日数（21.4日）","160,000円〜250,000円","営業","20000","50000","営業手当　　20,000　円〜50,000　円","","","","","","","","","","","","","0","なし","","","なし","","資格手当　役職手当　","1","月給","","","","","1","実費支給（上限あり）","1","月額","20000","月額　20,000円","1","20","固定（月末以外）　毎月　20　日","","1","1","25","固定（月末以外）　当月　25　日","","1","あり","1","（前年度実績　あり）","1","1","5000","","","","金額　1月あたり 5,000 円 〜（前年度実績）","1","あり","1","（前年度実績　あり）","2","2回","2","賞与金額","","","300000","600000","賞与金額　300,000 円 〜 600,000 円（前年度実績）","","","","0900","1830","(1)9時00分〜18時30分","","","","","","","","","","0","0","","＊週４０時間勤務に調整","1","あり","30","月平均30時間","0","なし","","90","90分","108","108日","","","","","","","0","","0","0","0","0","0","0","1","1","1","日祝日その他","3","その他","シフト制：会社カレンダーによる　お盆、ＧＷ、年末年始（今年度１２／２８〜１／５の９日間）","10","6ヶ月経過後の年次有給休暇日数　10日","1","1","0","1","1","0","0","雇用　労災　健康　厚生","","0","未加入","1","0","3","あり（勤続　3年以上）","0","0","0","","1","1","65","あり　（一律　65歳）","0","","","なし","0","","","なし","0","","0","","","0","なし","","9","9人","3","3人","2","2人","0","0人","4","2017","平成29年","950","950万円","0","なし","マンションリフォームに特化したリフォーム会社。　マンションの内装・間取変更・水廻りなどのリフォーム工事全般。","若いスタッフが自由に考え、行動できる風通しの良い環境。　毎年売上を伸ばしている元気な会社です。","代表取締役","遠藤　拓也","8430001073366","1","あり","1","あり","0","なし","1","あり","0","なし","0","なし","0","なし","","","0","非該当","＊マイカー通勤：無料駐車場あり　　＊就業場所は３店舗からご相談により決定します　　＊当社は役員を含め現在１７名（うち女性４名）で事業を　　行っています。　　事業拡大のための増員募集です。　　＊求人票記載の就業場所の人数は「本社」の人数です　　「東支店」４人（うち女性１人、パート２人）　　「北支店」３人（うち女性０人）　　＊トライアル雇用併用（試用期間中と同条件）","2","2人","2","増員","","1","1","0","2","面接（予定2回）　書類選考","0","0","","1","書類選考後","7","書類到着後　7日以内","1","面接選考後","10","面接後　10日以内","0","","0","1","1","0","0","郵送　電話","2","その他","後日連絡","064-0821","北海道札幌市中央区北１条西２０丁目２番１号","地下鉄東西線　西１８丁目駅　から　徒歩4分","地下鉄東西線　西１８丁目","1","徒歩","4","1","1","1","1","0","ハローワーク紹介状　履歴書（写真貼付）　職務経歴書","","0","1","0","郵送","","","064-0821","北海道札幌市中央区北１条西２０丁目２番１号","2","求人者の責任にて廃棄","事前連絡","担当","ウエノ","上野","011-215-6581","","011-595-7600","","","","","","","","","","","","","","","Z91","","","01010","札幌公共職業安定所"
"01010-48924841","0101-631143-5","2024/12/11","令和6年12月11日","2025/02/28","","1","一般","2","パート","（パートタイム）","1","0","","","","0","","0","オンライン自主応募不可","01101","北海道札幌市中央区","28202","","","","兵庫県尼崎市","","","","050-01","","","08","","","854","P","老人福祉・介護事業","カブシキガイシャ　リビングプラットフォームケア","株式会社　リビングプラットフォームケア","064-0802","北海道札幌市中央区南２条西２０丁目２９１","http://www.living-platform.com","介護職（兵庫県尼崎市）","入居者に対する介護業務等全般を行っていただきます。　（食事・排泄・入浴・移動介助・見守り等生活全般のサポート）　　　＊業務の変更範囲：変更なし","5","パート労働者","","1","あり","１名が非常勤から正社員登用","3","派遣・請負ではない","","2","雇用期間の定めあり（４ヶ月以上）","","","1","","1年","1","1","契約更新の可能性　あり（原則更新）","","3","","0","非該当","661-0012","兵庫県尼崎市南塚口町８丁目３−２１　ライブラリ塚口２","阪急塚口駅　から　徒歩5分","阪急塚口","1","徒歩","5","","1","あり","1","屋内禁煙","あり（屋内禁煙）","敷地内禁煙","1","可","0","駐車場　なし","0","なし","","1","不問","","","","","","","3","不問","","","","2","あれば尚可","介護経験のある方","業務にてタブレット端末使用","0","","2","2","","あれば尚可","あれば尚可","未選択","","0","","2","普通自動車運転免許　　あれば尚可","1","","1","試用期間あり","３ヶ月","1","同条件","","1080","1150","時間額（ａ＋ｂ）1,080円〜1,150円","","1080","1150","基本給（時間換算額）","1,080円〜1,150円","","","","","","","","","","","","","","","","","0","なし","","","なし","","","4","時給","","","","","4","実費支給（上限なし）","","","","","1","15","固定（月末以外）　毎月　15　日","","1","1","25","固定（月末以外）　当月　25　日","","1","あり","1","（前年度実績　あり）","1","2","10","40","","","金額　1時間あたり 10 円 〜 40 円（前年度実績）","0","なし","","","","","","","","","","","","2","","交替制（シフト制）","0700","1600","(1)7時00分〜16時00分","0800","1700","(2)8時00分〜17時00分","1200","2100","(3)12時00分〜21時00分","","","","0","0","","","1","あり","1","月平均1時間","0","なし","","60","60分","","","1","2","5","","","週2日　〜　週5日","1","労働日数について相談可","0","0","0","0","0","0","0","0","1","その他","1","毎　週","＊年次有給休暇は所定労働日数により変動します","3","6ヶ月経過後の年次有給休暇日数　3日","0","1","0","0","0","0","0","労災","","0","未加入","0","0","","","0","0","0","","0","","","なし","0","","","なし","0","","","なし","0","","0","","","0","なし","","1600","1,600人","16","16人","10","10人","9","9人","4","2011","平成23年","35707","3億5,707万円","0","なし","介護事業・障がい者サービス事業・保育事業・　グループ会社の経営管理等。","北海道事業所１９か所、並びに東北１３か所、関東４５か所、関西２か所での展開をしております。東証グロース市場（旧・マザーズ）上場企業「株式会社リビングプラットフォーム」のグループ会社","代表取締役","金子　洋文","4430001081967","1","あり","1","あり","1","あり","1","あり","1","あり","1","あり","2","該当者なし","","","0","非該当","＊マイカー通勤：駐車場は自己確保・駐車料金は自己負担　　＊雇用保険・社会保険は基準を満たした場合に加入","3","3人","1","欠員補充","","1","1","0","1","面接（予定1回）　書類選考","0","0","","1","書類選考後","7","書類到着後　7日以内","1","面接選考後","7","面接後　7日以内","0","","1","0","1","1","0","電話　Eメール","2","その他","後日連絡","661-0012","兵庫県尼崎市南塚口町８丁目３−１５　ライブラリ塚口２","阪急塚口駅　から　徒歩5分","阪急塚口","1","徒歩","5","1","1","1","1","0","ハローワーク紹介状　履歴書（写真貼付）　職務経歴書","","0","1","0","郵送","","","661-0012","兵庫県尼崎市南塚口町８丁目３−２１　ライブラリ塚口２","2","求人者の責任にて廃棄","事前連絡","施設長または事務員","サノ　　　マエダ","佐野または前田","080-7156-1232","","06-6428-3398","","2313","2302","","介護職員初任者研修修了者","介護福祉士","","Y12","P25","Z88","","","","","","","","01010","札幌公共職業安定所"
"01010-48926541","0101-631143-5","2024/12/11","令和6年12月11日","2025/02/28","","1","一般","2","パート","（パートタイム）","1","0","","","","0","","0","オンライン自主応募不可","01101","北海道札幌市中央区","27220","","","","大阪府箕面市","","","","049-07","","","08","","","854","P","老人福祉・介護事業","カブシキガイシャ　リビングプラットフォームケア","株式会社　リビングプラットフォームケア","064-0802","北海道札幌市中央区南２条西２０丁目２９１","http://www.living-platform.com","ケアマネージャー（大阪府箕面市）","認知症グループホームにおいてケアマネとしての計画作成を中心にお仕事をお願いいたします。　経験者優遇　認知症実践者研修未取得でも入社後取得可です。　マンツーマン研修があるので未経験でも安心です。　　＊業務の変更範囲：変更なし","5","パート労働者","","1","あり","過去３年間は正社員雇用のみでしたので、登用はありません。","3","派遣・請負ではない","","2","雇用期間の定めあり（４ヶ月以上）","","","1","","1年","1","1","契約更新の可能性　あり（原則更新）","","3","","0","非該当","562-0041","大阪府箕面市桜４−９−１３　ライブラリ箕面１","阪急電鉄　箕面線「牧落」駅　から　徒歩6分","阪急電鉄　箕面線「牧落」","1","徒歩","6","","1","あり","1","屋内禁煙","あり（屋内禁煙）","敷地内に屋外喫煙所あり。","1","可","1","駐車場　あり","0","なし","","1","不問","","","","","","","3","不問","","","","2","あれば尚可","介護支援専門員のご経験のある方　基本的なＰＣ操作のできる方","","0","","1","","","必須","未選択","未選択","認知症介護実践者研修修了者（入社後研修受講でも可）必須","0","","2","普通自動車運転免許　　あれば尚可","1","","1","試用期間あり","３ヶ月","1","同条件","","1600","1800","時間額（ａ＋ｂ）1,600円〜1,800円","","1600","1800","基本給（時間換算額）","1,600円〜1,800円","","","","","","","","","","","","","","","","","0","なし","","","なし","","","4","時給","","","","","4","実費支給（上限なし）","","","","","2","","固定（月末）","","1","2","25","固定（月末以外）　翌月　25　日","","1","あり","1","（前年度実績　あり）","1","2","10","40","","","金額　1時間あたり 10 円 〜 40 円（前年度実績）","0","なし","","","","","","","","","","","","","","","0900","1800","(1)9時00分〜18時00分","","","","","","","","","","0","0","","","0","なし","","","0","なし","","60","60分","","","2","","","2","2","週2日　程度","0","","0","0","0","0","0","0","0","0","1","その他","3","その他","出勤、休日の日については要相談　＊年次有給休暇は所定労働日数により変動します","3","6ヶ月経過後の年次有給休暇日数　3日","1","1","0","1","1","0","0","雇用　労災　健康　厚生","","0","未加入","0","0","","","0","0","0","","0","","","なし","0","","","なし","0","","","なし","0","","0","","","0","なし","","1600","1,600人","22","22人","22","22人","19","19人","4","2011","平成23年","35707","3億5,707万円","0","なし","介護事業・障がい者サービス事業・保育事業・　グループ会社の経営管理等。","北海道事業所１９か所、並びに東北１３か所、関東４５か所、関西２か所での展開をしております。東証グロース市場（旧・マザーズ）上場企業「株式会社リビングプラットフォーム」のグループ会社","代表取締役","金子　洋文","4430001081967","1","あり","1","あり","1","あり","1","あり","1","あり","1","あり","2","該当者なし","","","0","非該当","＊マイカー通勤：無料駐車場あり","1","1人","1","欠員補充","","1","1","0","1","面接（予定1回）　書類選考","0","0","","1","書類選考後","7","書類到着後　7日以内","1","面接選考後","7","面接後　7日以内","0","","1","0","1","1","0","電話　Eメール","2","その他","後日連絡","562-0041","大阪府箕面市桜４−９−１３　ライブラリ箕面１","阪急電鉄　箕面線「牧落」駅　から　徒歩6分","阪急電鉄　箕面線「牧落」","1","徒歩","6","1","1","1","1","0","ハローワーク紹介状　履歴書（写真貼付）　職務経歴書","","0","1","0","郵送","","","562-0041","大阪府箕面市桜４−９−１３　ライブラリ箕面１","2","求人者の責任にて廃棄","事前連絡","施設長　または　事務員","ヤマモト　　　　　　マエダ","山元　または　前田","080-7156-1232","","072-737-6498","","2308","","","介護支援専門員（ケアマネージャー）","","","Y12","P28","Z88","","","","","","","","01010","札幌公共職業安定所"
